cluster_raw,hand_acc_norm,chest_acc_norm,ankle_acc_norm,handTemperature,chestTemperature,ankleTemperature,activity_score,activityID
2,9.724615747071002,9.544842185773229,10.17854758830078,32.76013511588687,35.14056037282226,33.00741615957883,-0.6139076770237484,1
5,9.946916817527097,9.932971760196523,10.205050440436981,33.021000332818765,35.550040198620145,33.540424878159676,-0.48606900218165344,2
0,10.80127232914514,9.745952056799087,12.088430989573679,30.556444953702844,35.25504454322445,33.053153803984245,-0.4324377615647754,3
3,10.363096603074643,9.91604655862355,10.80874591724313,33.07266991532434,36.28142420427981,33.53586543248993,-0.37809157135713706,4
6,10.516067366916452,9.689364024698204,13.250094702076098,32.206843747495796,35.20292929142312,33.551675783192444,-0.20834204597024833,5
1,11.16326383465533,9.965823039674792,13.762164651779022,32.49798555328796,36.5180168075136,33.81368208731701,-0.016562683565046893,6
4,11.673519436405696,10.191599671459768,14.338923520797834,32.61955871028314,36.626297412756344,33.758203720245916,0.0768802204065483,7
7,46.47504659471096,25.106812864711596,15.635096681288303,30.49099187631027,34.29422069417158,33.44232928278959,2.058530521256057,8
